"zo","zc","ze","za","zn","scs","dass"
0.758730372337837,1.58385638370485,-1.24857445381967,-0.274174330771406,1.32023703027554,30,56
0.303339417754224,-0.269877382438508,-0.300781377135433,0.0671904464774885,-0.402804453736337,30,48
-0.134725127871938,0.65663434944952,-0.321576001742779,-0.97941539141396,0.929271377501361,35,48
1.06407751870613,-1.02185401253929,0.175379763326844,-0.531411878184053,-0.0202166363787539,29,48
1.74117064905449,-0.777320456558175,0.524350708095582,-2.811746159707,-1.14145027629898,41,43
0.220302295804463,-0.405447668437107,0.0564773093417984,0.650859447291762,-0.246418192626667,37,60
-0.538624220707037,-1.06426395320889,-0.0431586449385302,-2.19247817088773,1.92623379207549,42,33
-0.874990286641119,1.10379823709916,-0.888404653336229,0.0234468521808919,-1.08001281657733,39,40
-0.94210790816926,-1.7389696413745,-0.00326030544823844,0.262854864634375,-0.37487833568106,33,44
0.479606297363424,1.04728118792916,-0.723067171983802,-0.416982537416584,0.197607084452566,36,43
0.599505313855394,-0.725856284718139,-0.750551958467531,-0.550700483017714,-0.316233487764907,33,40
0.417098015310817,0.502661802686322,-0.205373871169312,-0.149357222344226,-0.409785983250183,34,48
-1.21128294850332,-0.653555800228104,-0.169223904994503,-1.00383800104464,-0.0914282374197451,31,44
-1.00307037551477,0.409670442147271,1.01885143074246,1.22489921067145,0.881796976807352,38,45
1.11368804671657,0.307659774282241,-0.654447357539388,0.754725499775769,2.22364694936444,43,32
0.956048315062458,2.08467302800792,-0.70502696222888,0.705707338080095,-1.1763579238681,35,43
-0.767653473664847,0.875239057520699,-0.782176319351836,1.27832982745339,0.966971636876031,43,38
0.308273527759061,-0.111927608784048,0.814812100167883,1.11981289975028,-0.173810285682877,35,54
1.03003583885926,0.415749540371038,0.098008686467267,-1.34282751055533,-1.44863757490722,34,35
-0.12822623392171,-0.690428495777351,-0.575365054939961,-1.33916170238701,1.95695252193636,37,37
-0.0079779753241026,-1.28295690127155,-1.02908495741114,-0.903788799513497,0.415430805283889,34,49
-0.985699737965567,0.126326469937995,0.637361906062896,0.640663707990322,-1.13167613497964,35,39
-1.20316742064537,1.47929828832811,0.166268680147942,0.810161457311237,1.57994992818983,37,52
-0.187919287179233,0.265498573190507,-0.994792735371113,1.26814533768515,0.447545841047512,34,48
-0.108449449852503,-0.181208715003366,2.36027378362139,-0.22220857594038,-0.38604878290315,43,51
1.00504434094034,-0.771124570220904,1.02310592069026,-1.25835737085471,-0.13052480269716,43,41
-2.81928549190168,-0.712144163508767,0.172759932396285,0.448222191146474,1.20713625215158,38,50
-0.894198358541521,0.835106970835785,0.243933055663683,-2.22681713381032,-1.0562756162303,35,44
-0.563579887749074,0.382602592674824,0.382751984580921,-0.462184715005392,1.6762950354806,36,52
0.709422734191733,0.103222584731079,0.631241975529458,-0.384802093566648,-1.27689194886717,35,38
0.421428165842021,1.32342945841727,0.323069035491939,0.048682996990874,1.98487863999164,38,43
1.96095917140989,1.12499503204467,-0.668822038693922,0.421665983102912,-1.42629668046299,40,49
1.39739366695274,-0.889293303919687,-0.456091078143974,-1.4404524495005,-0.010442495059412,30,53
1.04527858311908,1.63028348966142,0.050151706722375,-1.02435723788308,1.64278369381422,42,31
0.644801592960452,-1.48899153614566,1.30768072747634,-0.484263267703424,2.23621370248933,54,65
1.32636940893077,-1.41591638838108,-0.402149377038077,0.55210537992043,0.767299892780647,37,56
-1.26855484031389,-0.139723304321134,-0.0710851450624857,-0.966988647323734,1.26717740597048,34,49
-1.01202942025893,-0.304916935642689,0.149981206779905,-1.2916329946779,-0.238040357210073,50,47
3.55034260366224,1.54352214822339,1.39579379493601,1.13766520169171,-0.777014435677327,41,41
-1.20608214190769,-1.33493456381755,-0.200156563924458,0.294345753982596,-0.873359542968096,31,42
0.204303544935425,0.465926685503834,-0.595486451338231,-0.217492308814892,0.296744803548885,30,53
0.295478992348506,0.3668563159567,-0.199251655262189,0.327235229682702,0.86085238826592,39,44
-1.34079387339885,-0.958292191747815,-0.202135847641847,0.548731255668732,-0.740710482205459,38,47
-0.532387481866454,-1.16903454725173,1.03399297023836,-0.515742045934132,1.09263916812488,37,49
1.77448751533394,0.983637572131454,-1.15378338194355,0.415229630201412,-0.814714695051997,34,44
1.00556797094479,1.9533374595516,0.671973927471277,1.96961901159492,-0.686254551997601,34,44
-0.277380979529295,-0.720968907052825,-1.29740167838142,0.455701663836128,-0.704406528733537,28,46
-2.00968175131504,-1.65812932153239,1.5284358435604,-1.67674207060802,-0.901285661023424,41,45
0.776487330915706,2.0185286825346,-2.73621220954606,1.81197100551633,2.47917092957043,38,41
1.18561180999455,-0.362871840000401,-1.40804297338829,0.16814911181305,-0.0774651783921045,34,38
-0.876272940554382,-0.36958234186318,-0.599372051483855,0.190426374576782,0.891571118126745,34,57
0.47815206095414,-0.889798198314738,0.856174268705388,-0.317823982688461,-1.30900698463074,36,43
0.167639981727857,-1.26239704951857,0.404341885320902,0.5426762894435,-0.200340097835403,45,36
-0.861064461928222,-1.40153939471465,-0.294248084666809,-0.25878615264567,-0.326007629084249,38,56
0.0269179817561701,-2.024830068804,1.75462661493604,0.0545930822321301,-1.19869881831233,33,39
-1.53161921758771,0.908049178305968,-0.557076310203552,0.944225197045877,-1.33414049088052,34,41
-0.275850673875105,1.25117385539154,0.706155249897506,-0.106239545213146,-0.0397649190174378,36,41
0.607481048788182,-0.631455505913092,-0.446838558854009,0.58762633207977,0.485246100422128,41,30
0.605382744316972,-1.60226052689637,0.121652718176025,-0.6920311069041,-0.402804453736337,40,47
0.483575905997021,-2.18922319569525,0.209403028463418,-0.939662703788641,0.299537415354432,34,44
0.0922311182017507,0.310325239530227,0.132689346428976,0.301841068514452,-0.835659283593429,39,41
0.571743979479072,0.36164726097064,-0.157822739633223,-0.982926819103479,2.89527008859434,36,43
-1.70278733411151,0.175842627886048,-0.409058625559131,-0.515850572682596,1.34676684242807,36,41
0.964936914465859,-0.276965354694684,-0.458826649589082,-0.689191778606827,0.912515706668177,36,34
-0.849980370190186,0.592232401585169,-0.985067269778108,-0.912070905351569,1.09822439173592,31,61
-0.675158637134581,1.25602856839374,0.95718008909603,1.31202398297829,-0.737917870399909,37,43
0.240305369986531,1.05515535653416,1.2858013576296,-0.992530013447133,-0.560587020748756,34,38
0.938790533998606,-0.432688515853113,-0.435842012186256,0.87071271045225,0.848285635141031,34,56
-0.326171634281802,-1.04599782287928,-0.739626929475368,-0.132979700720994,-1.28806239608926,36,48
0.366744394683795,-1.2040630023052,0.0290272202422432,-0.715918706131358,0.901345259446087,34,56
0.533263652148018,0.459664430263581,1.20988469839264,0.531610792235628,0.331652451118005,33,40
-0.115824813933327,0.0696931962598147,-1.21943467957682,-0.691458706865886,-0.479601278388423,35,41
-0.240409785971071,-1.21850550393094,-0.10739344943798,-0.528935955225559,-0.790977494704964,36,41
-0.179610962193972,-0.560377761188848,-0.16117738358019,-0.413394890561239,-1.16239486484046,34,37
-0.431713510366764,0.502995081081643,0.853778428791099,-1.04574602519164,0.476868265005538,38,44
-0.105468162532162,-0.594896406227784,0.499789988146484,0.383742625003274,-0.514508925957546,30,45
0.242099941092436,-0.688440791304115,0.125290244521688,-0.727831758969835,-0.612250339151063,34,41
1.68257828166878,1.49480784419013,-0.22639773299522,-1.32423287873471,0.373541628200974,32,54
1.35609044673554,-0.112728666787265,-1.05272779729525,1.42329618865597,-0.0844467079059502,39,36
1.02287586050218,-0.161505826534238,0.831954230329766,1.26200331286669,1.02840909659768,32,42
-1.67390137132815,1.46223891079682,-0.302332141116395,-2.11986201389977,-0.323215017278752,35,43
0.954747948839565,1.06615535991305,1.4803355919627,0.516689353552044,1.9778971104778,30,49
-0.267550330549532,-0.112351200593373,-2.35200199780457,-1.65653487744566,0.418223417089436,36,42
1.20534578702265,-0.815146701657529,1.25910737841718,0.278373021587238,0.4000714403535,35,54
0.110458624897619,-0.149524587881822,-0.582682145956363,-0.876667243105873,-0.835659283593429,34,40
0.789574291488493,1.15486550627391,-1.81627905055368,-2.30514940078453,-0.164036144363535,36,40
-1.17017643979979,-0.0354985828153248,1.39527126563493,-0.423336423486817,-0.596890974220678,35,48
-0.261182158455873,-0.0672562971604649,0.275483095561419,1.19941400879174,-0.204529015543702,36,49
1.67845401291458,0.329055577667141,0.0615168481607603,-0.15172492915864,0.553665089657623,32,53
0.189962103056572,0.364702980535053,1.20983131428243,0.704719371627213,-1.01717905095288,34,32
-0.579804065820133,1.25493036758841,-1.12757981374755,-1.2771408092078,-0.256192333946009,38,53
-0.387079933371204,-1.27331879959368,2.07218360356022,0.142789096123805,-1.01578274505013,35,47
-0.791882347361742,-0.901457356303298,1.38633336659496,-1.44889538488505,-1.0492940867165,34,40
0.582726643735831,-0.331068543827487,-1.85705665505812,-0.901831093040967,-0.182188121099467,31,46
-0.411468873368418,-0.00333510443870381,-1.54818394870369,-0.18080987381452,-1.39697425650496,38,51
-0.276789840284909,-1.13430929026686,-0.576552330239509,-1.44153094831344,1.0130497316673,32,46
0.431609752152616,-0.174735569713554,-0.174516635800278,1.49585623464786,-0.388841394708697,33,50
0.203540854697045,-1.01019015168094,1.66073615688811,-1.40629329937899,-0.281325840195787,33,46
1.60354396843689,-0.418593019155198,-0.110488527550317,-1.58398613284213,-1.12748721727134,33,31
-2.53401780561886,0.784113260770015,-0.402087587502509,-0.310409058381419,-0.0579168957534206,34,63
-0.774064271205499,-0.128686994585823,-0.387952950882906,-0.59050001032299,-1.1163167700492,33,50
-0.0900399012471494,1.60583601659059,0.115915583592067,-0.183205628713176,1.80196256672944,35,50
-1.19217243064283,-0.827765096036413,-0.0744513765924838,-1.67454614678641,1.53387183339856,39,59
0.277740275222177,-1.57084067054825,-1.37165401162989,0.680445528977195,-0.789581188802216,35,33
1.04379215968979,-0.0961738699509382,-0.444607855714104,-0.216892248467321,-1.16379117074321,33,48
1.82375550130056,0.964054576121329,-1.18343248917243,0.816976630107842,-1.28108086657546,42,39
-0.2377422479813,0.315483182378213,-1.29934802438707,-1.51848763211659,0.682125232711965,33,41
0.0854736327182577,0.627613062272719,0.457555329985758,1.55955870305584,0.679332620906469,35,42
0.559648032953975,-0.263034268363669,0.79670008003951,0.0253942772398458,-1.13865766449343,30,44
-0.244121680547341,0.68043420474499,-0.534425604967065,1.08940047782221,-1.31878112595013,33,42
-0.593284716952433,-1.58653853030114,-0.168012719616047,-0.21627443935553,1.14290618062439,39,45
-0.888252493841913,0.560075802976342,0.110140727732345,1.35596645864007,-0.926419167273155,37,42
-0.331212485155724,-1.13017485451444,-0.0892848944864505,0.572840452291629,1.63719847020318,40,41
-0.538176568482151,1.73463678146918,0.027776872499798,-0.628590901684751,0.351200733756689,43,45
-0.270220119914633,-0.0939853747782286,0.0201010332281233,1.02555072142501,1.21691039347092,33,49
-1.48669154709399,-0.479614473143778,-0.781509999661209,0.794441628796201,-1.20149143011788,34,51
-0.94535435729303,1.09120920418889,-0.109735378419608,0.18418282022241,-0.103994990544634,34,47
-1.47780821958766,-1.01693802605522,0.604351302414377,1.18252669274724,1.50175679763499,38,41
-0.508894797700916,0.33395787543917,-1.34294199864438,-0.245092265216613,0.422412334797731,33,45
-0.286809859770707,-0.299036115768859,0.338470564676205,0.661796803095112,0.29255588584059,36,58
0.861711566616211,-0.666397707401941,0.387662088655452,0.367497747716735,1.03399432020873,34,41
1.05118791995681,-1.25193874934052,-1.20664069268937,-0.547642751201969,1.7279583538829,34,49
-0.995947146570288,-0.930162030738049,-1.96906886942376,-0.438492929657455,-0.817507306857494,34,39
0.241677281081894,1.58434350375555,1.40765674045644,-0.697381632373989,2.67744636776302,32,53
0.345353107940244,-0.15130050429306,0.56397917441235,0.282776110892982,1.64138738791148,40,29
-0.379706719208072,0.441850945410344,0.329643277052389,-0.595306853197292,0.284178050423996,38,41
0.370800861552362,0.925368211064081,-0.751461340549008,0.105552967731988,0.214362755285753,32,49
-1.16333745907479,0.209937509002218,1.31305998793685,1.25708593577032,0.316293086187569,37,59
2.29089155959398,0.946339232875813,-1.17351921531799,0.243030149946975,0.539702030629986,33,51
-1.30529426606537,1.56355817463693,-0.863169294060819,-0.925887142598125,-0.358122664847876,37,33
-0.923689463548787,0.641679639296106,1.90228526635269,0.502763975109336,0.911119400765429,33,50
-0.941573159264301,1.38192056871193,0.499552114155888,-1.01580760635321,-0.813318389149199,35,41
0.404687660462029,0.320341959442814,0.364792700819754,1.03877274180715,2.70816509762384,34,63
-1.73600674866327,-1.20707323262352,-0.922568303134128,-0.585747000282145,-0.363707888458919,33,42
0.421789074503286,-1.12291386544625,-0.312052633271673,0.0982586347110434,-0.993441850605898,32,41
-0.493201970275724,1.02952991400089,1.77204791076181,-0.710118830391391,-0.772825517969032,36,40
-0.349595480980226,0.853943644286202,-0.605637511740029,0.822884644751077,0.838511493821639,36,44
1.3873676029585,0.592007303054583,0.316590572077474,0.75505932754345,0.0831100004258608,39,46
-0.378376897547134,-1.02558194279629,-1.64320243370437,-0.715220766823439,1.43892303201054,37,40
1.01256229379881,-0.54802519588763,-1.14772352340009,0.972066086172811,-0.0690873429755107,33,54
0.180993116974366,0.596411362380907,-0.319696906242579,-1.00589608501666,-0.796562718316011,40,42
0.677167594577563,-0.450671768288882,0.71175929653621,0.478281064820459,0.792433399030425,41,34
-0.373492467870613,-1.0913679834635,-1.02013093391772,-0.0603526938445285,-0.698821305122494,34,49
0.901933736155025,0.977511266502185,2.16539325078375,-0.569488223741289,-0.430730571791611,35,51
-0.376554940580154,2.54307165100171,-0.603242101191951,0.156125182518202,0.996294060834108,37,46
-1.15520606403147,-1.62446712927099,-0.0483916042571031,0.174057295618365,-1.27409933706162,37,39
-0.754266061175575,0.340208348956459,0.128734564601571,-1.41907159690758,-0.346952217625731,37,47
0.80845267045772,-0.895342796612388,-0.0927238959074558,-0.465937703842342,-0.851018648523865,33,49
-0.215106580193649,-0.0583507896892337,-0.381688975557812,-1.01843564579786,0.229722120216142,30,50
-1.59981396872882,0.337445291687647,0.49837857979791,0.696037319231075,-1.03951994539711,35,53
0.694247960653385,0.181189995194344,-0.551645333671795,0.0288768757118004,-0.608061421442768,38,37
0.0325692875407148,-1.16296054705312,0.824206754244668,1.58916251677526,-1.02416058046672,36,45
-0.76996311869181,-0.795452339414822,-1.03295665155232,-0.363170084084671,-0.253399722140509,35,37
1.37832206880643,-1.97510836318214,1.98835498360918,0.255960864804597,0.0928841417452027,43,39
0.05251573842488,1.21688901372829,1.40576467030682,0.757647043004543,-1.26292888983953,38,40
2.83484387209414,-0.632574873222902,0.122927579411931,1.94093930136807,-1.24338060720079,37,46
-1.59397451489125,-0.601063474252072,-0.330134468660456,0.176048266790428,0.326067227506962,34,43
-0.651622123135595,-0.336052296277809,2.24758515479632,0.460733934750295,0.108243506675642,35,43
0.895274340772565,-2.44117229851406,-0.414585467090327,-0.73327878233589,-0.22966252179348,39,47
0.334977541389201,0.293610962370178,0.390846261610995,-1.48832056665517,0.398675134450701,42,34
1.51819953670107,0.0583696402589754,0.45648813275994,1.82613644928648,0.285574356326744,45,34
0.589152997592214,-0.506562530511194,0.223222806135479,0.551409946895293,0.652802808753943,35,46
-2.12468066761831,1.14552549942039,-1.38027528125633,-2.40928415972468,0.0398245174401472,34,54
-0.689222310618751,0.883592671340487,-0.544856860998029,-0.192214757118096,-0.409785983250183,35,46
0.419112555380065,0.87558089742668,1.13302787429912,0.197240000584265,-1.38440750338008,39,35
-0.00943980581675757,-1.7760988756767,0.315090167678623,-0.822147780178989,-1.08699434609112,37,40
-0.2749055241147,1.2955423234133,-0.788710501438026,-0.573599334662307,-0.430730571791611,37,43
1.59178110223145,-0.602583548024963,-1.61013953615018,1.01263140124314,0.92228984798757,39,41
-0.582836467703384,-1.06320068157158,-0.265399145219439,1.95028359390676,-1.19171728879848,39,42
0.257286392002383,-0.189099013211095,0.198700604430493,-0.71163622761509,-0.5075273964437,35,41
-1.65762903373301,-0.415504136917278,0.942731090264251,0.224509279101363,0.736581162919823,40,32
1.13744452410394,-1.17806691990455,0.591233271157641,-1.98742672363066,0.994897754931309,35,44
0.0631340689579959,1.88846930602363,1.0584577766824,0.305999930744845,-0.810525777343699,32,51
1.51018349505871,-0.10774572020177,-0.363571984634626,-1.15624445837914,-0.856603872134912,35,37
-0.756120075914659,-0.384428906745412,-0.593004706024414,1.3591455451142,-0.515905231860294,37,49
1.21763468313176,-1.07620914236122,-0.558419585047702,0.291569364186226,1.70282484763313,34,62
-1.55535589669358,-1.04524289250342,0.262488794139667,-0.187481779420403,-0.31344087595936,33,49
-1.25684688726803,-2.35494034628618,-0.0857603551868097,-0.23225300762888,-0.835659283593429,37,40
-0.636462472077402,-1.35387122649216,-0.310583762665155,-2.03198503701921,0.134773318828168,36,41
0.380707557152571,-0.830287581252891,1.37160291933706,-1.014958604861,0.909723094862681,37,45
1.71135637827001,0.422735417714813,-0.209416019725459,-0.4389421001003,-0.524283067276888,36,44
1.70165528696675,-0.117271395971957,-0.421976047864905,-0.900373691387995,-0.367896806167214,37,45
-0.139310897793689,1.15319448285276,-1.91242275966759,-0.309128148012716,-0.577342691581943,34,39
0.233351436007866,-0.550798605796223,1.39148370434605,-0.719626373569062,0.416827111186637,41,43
1.21582665404075,0.751606670200691,-0.144790708418438,-0.275733682320057,-1.18194314747914,32,39
-1.2013840801189,1.31329806237071,1.12587788468997,-1.07309920048292,0.663973255976033,44,43
0.936016081889834,-0.967137651495151,1.16430608019813,-1.14606088882243,-1.00880121553629,33,50
-2.5973960290522,-0.704413477087699,-1.08521470786832,0.210971435672785,-0.137506332211006,33,47
0.808156947718274,0.0365002252527349,0.0660815219059323,0.950401832589409,0.478264570908337,32,43
1.5531098879467,-0.0521384869104406,2.6901830563106,0.927534403984579,1.96812296915845,35,51
-0.629861251532555,-0.796104080082006,-0.893764543243591,-1.41097973590359,0.779866645905536,35,44
2.35012649313633,-0.0927523151551023,0.863940769954782,-0.147284479320861,0.626272996601413,39,41
-1.27840861637593,-1.00799675965572,-0.753638874173753,0.336522094687503,-1.01717905095288,35,44
1.15181941267273,1.63374554982251,0.610478411152147,-1.08307087374568,-0.225473604085184,34,48
0.710942812605046,1.22279858805807,-1.27361653678365,0.557217749725981,-0.226869909987983,39,39
-0.233535637120212,-0.436561045999653,-1.29618396711924,0.0473307919802447,-0.388841394708697,36,44
0.248825072984522,0.0869979208900901,0.0802769750562587,-0.612760968955428,-0.973893567967164,34,36
0.219549780520447,-0.457529862827074,-0.51750451623449,-0.9431980967498,0.969764248681578,40,35
-1.2340242269292,0.419713306886478,1.16604653545867,1.61307552965784,0.562042925074217,39,37
0.589398450701094,0.364869005216561,0.751071545406972,1.22507580114666,0.405656663964547,36,49
-0.994673537364824,0.27155809901922,-0.488962489706604,0.160956403755898,0.178058801813885,34,45
-0.794348637344665,1.90512178782962,-0.58430908783116,-1.58660290960993,0.493623935838722,34,51
0.198640109374529,-0.148505688195498,-0.0788050828817451,0.845607971748474,-0.563379632554303,34,50
0.952868932246533,1.03540072775055,-0.55078417322245,0.168182166046799,2.02397520526906,30,62
-0.0586748753158537,-0.57187599593103,1.42431344621404,0.349019949599656,0.0872989181341595,39,31
-1.80886033031688,2.28892435494746,-0.51253531426662,-0.967141031915998,-0.402804453736337,31,51
1.13527691650813,-0.980849529338121,0.437237786398689,-2.53615068428364,-1.3592739971303,34,44
-0.119741188771378,0.87761439785244,-0.876557589864635,-0.472742447338764,-0.89570043741233,37,42
0.326517361166723,-1.16380413479757,-0.667602439909073,-1.25354743699535,-0.381859865194855,38,36
0.44367447135378,-1.86585631354593,-0.0557430625010131,1.33769569661584,0.344219204242897,38,44
-0.00502363739609943,0.0872378007958274,-0.215373853006763,-0.592063920589226,0.765903586877899,32,50
0.240651278831915,0.47336327342731,0.197913125129956,-1.00893100014475,0.0956767535507533,44,40
1.32356728835533,-0.134029165607761,-0.786041678626346,-0.675608993946035,0.806396458058066,37,40
-1.73234970011453,0.0377447584603676,-0.225386372266033,-0.675662992405677,-0.64157276310914,36,44
-0.397062576157722,-1.75702179215342,-0.45655320033386,1.20819470372646,0.515964830282953,36,44
-0.158649387256641,0.640574784097273,-1.00927155628361,0.954492214383467,-0.109580214155728,38,48
0.725057984432589,0.841556366157135,-1.23437547657307,-0.146202173688371,0.0160873170931176,36,42
0.985824440905791,0.555186726503799,-0.623040969606364,-0.634306021187155,-0.76305137664969,34,43
-0.102400800110318,-2.4498901075448,2.20966102695647,0.272968866071457,-0.743503094010955,36,38
-2.119077743204,-0.339986646742843,0.545095372414099,-2.62097746195304,-1.10235371102156,36,44
-0.109304118179615,0.292921887481267,-0.727574696631222,-0.830241168785831,1.49896418582944,38,53
-0.656001736598592,0.710878027781428,-0.635112536607761,0.0124013201060022,0.391693604936906,33,49
-0.218900970326395,0.268191678293518,-0.706570548318195,1.52679675023087,1.10799853305527,35,40
-2.31520460049116,-1.2547758539635,-0.135439977172202,-0.716718217191677,-1.00740490963354,40,42
-1.31352799484308,0.737988851540576,-1.08403822724233,0.121173423382729,-0.346952217625731,34,43
0.981634177475223,2.07927225101134,0.544510669701237,-0.312020788352836,0.909723094862681,33,55
-1.88862617374737,0.307166044011219,-0.204277734636914,1.26885053523907,0.395882522645205,41,44
1.92478038791188,-0.0437802543138617,-0.184862000044924,-0.362040155899831,-0.478204972485624,32,40
-0.359759752286794,1.37183290681374,-0.23667421885198,-0.923448665315444,0.151528989661356,40,46
0.0224169588608742,0.60395396851703,0.384911234002993,0.727039340177946,-0.888718907898535,38,39
0.673781494589205,1.07661702560442,-0.213329777931413,-0.117745236384786,0.0733358591065189,32,56
-0.623591707995854,-0.812466413861696,-0.101073381436926,-1.58803606701698,2.12450923026812,34,60
-0.847725704172067,-0.788897459263967,1.89491823807433,1.29173788194588,-0.901285661023424,34,46
-0.28133365350797,-2.67330684019081,-0.423825794066629,-1.15163770008281,1.68746548270274,37,48
0.402399463774372,-0.241691998420257,-0.48088729657658,-1.09629339365509,-0.951552673522933,37,50
2.71842344239369,2.16471680561959,0.595911328383282,0.168475922530092,0.566231842782512,39,46
0.118814147318733,-1.04268629309406,-0.966234927767266,-1.61356039022383,1.23087345249861,34,48
-0.711003559856827,0.0189726722308311,0.36264892424581,1.22343007655983,-0.918041331856561,34,51
-0.429058381006176,1.40445740204766,-0.330428120074453,-0.827731150105318,0.279989132715698,39,50
0.366979423316607,0.0732227532482318,0.34102018619414,0.967589284523527,-0.0844467079059502,32,48
0.322078817255083,0.0973323201683911,-0.924639890617346,1.0824627830312,-0.943174838106339,44,51
0.128607617141237,-1.83976993402452,-1.31535595743112,-0.936516268291039,-0.567568550262601,32,52
1.13101194246294,-0.72878929890361,-0.624330771063498,-1.38411925390959,-0.155658308946941,44,43
-0.215879517604593,-2.14935055423081,-0.338526592301966,0.251963837452053,-1.32017743185288,39,47
0.343587649464643,3.08014697593189,-1.24926841950835,-0.898157414782789,-1.42071145685195,35,45
-0.542769236763881,1.84721108971557,0.949201195907758,1.44680277163932,-1.18613206518744,34,46
-0.217856575496036,-0.176688805267576,0.867368273089482,0.962126019045428,0.595554266740589,38,42
-0.874047124907151,1.62046453743516,1.25887649537017,1.6891769596761,-0.552209185332162,34,29
2.37596020341,-0.889271978633657,-0.199472079632024,0.240247840287017,-1.10235371102156,38,53
-0.234582535950922,-0.355703343069734,-0.220162708594103,-0.436079341549582,0.522946359796798,38,41
1.02027113618894,-1.64704264288513,-0.955324531808185,-0.0959028526161363,-0.0495390603368304,41,36
-0.427316588502001,0.707483262047272,0.637225474801457,-1.22446074730758,-0.365104194361667,38,45
-0.823729889023479,-0.759155163544016,-1.35964005984903,0.55790807033305,-1.29783653740865,33,50
1.20095481784842,-0.122015449647861,-0.175241614254945,-0.905446325549212,1.33699270110873,34,56
-0.531933393191007,0.758785283249784,-0.519180283674799,2.31298187477802,2.67884267366582,39,35
0.0403606203464003,-0.184828555022137,-0.30328799374796,-0.828867368128386,-0.430730571791611,32,46
-1.2058813059732,2.01870197309902,1.81954529029308,1.36558066689988,-0.878944766579143,36,39
0.321340531808764,0.409539065514405,-2.19501465842171,-1.28655607006558,0.849681941043779,34,45
-0.481852277239295,-0.0969401020236492,2.94491378587364,1.570638669912,-0.723954811372271,37,33
-1.12330171738874,-0.630592608434768,0.714150414883656,-0.947639374723104,-0.676480410678259,29,47
1.68506992426371,1.37412322921295,2.35204581401059,0.910316308459446,-0.126335884988865,35,43
0.0287875754503504,-0.18073181749698,1.09457462316736,0.936870708077688,-0.236644051307325,33,56
-0.370274096922779,-1.80314980150525,-2.53369971206332,-0.956558643557846,-1.15820594713216,38,46
1.20553007129724,2.58211874009549,-2.79407349051554,0.265851904128773,-0.0732762606838094,38,43
-0.38240966758181,-0.644791741649662,1.2656691256431,0.834900222514317,2.70816509762384,34,53
0.0164417430053095,0.483745226689799,-0.908107534787539,-1.54876935011458,-0.828677754079634,38,44
-0.13299981571946,0.581431273039193,1.2305983385196,1.76684151394717,-0.384652477000402,39,46
-0.824240768241689,-0.610572914371108,-0.321611985463252,-1.17563527716349,0.323274615701415,40,43
-0.127847752896912,0.271708342936345,-0.783286676867456,1.29449247373022,1.13313203930504,39,56
0.0598219882058712,-0.827677343160833,1.07403084320897,0.316712313906538,-0.494960643318811,43,49
-0.069435556649942,-0.159332501184294,-0.533108169002537,1.32953177419866,1.56877948096769,35,55
1.69051475773505,-2.126610915478,-0.515470083851744,1.48083328857904,0.446149535144713,39,29
-1.86836802141857,0.780849041513177,0.811669398723986,1.31436933311744,-0.101202378739138,37,41
0.459182241417038,0.236462562367007,1.6619725992519,0.479303382330514,-1.36625552664409,36,43
0.935522529305298,-1.66991748905754,-0.431709269532319,0.245844274787555,-0.494960643318811,40,36
-0.575508029909829,0.510603146349073,0.0645755826802442,-0.278740536734378,1.57994992818983,37,34
-0.633971718999067,0.276843718725848,2.17219862811096,0.355294184238411,-0.948760061717386,43,42
-0.389497323245074,0.813625635508503,-0.106806024457573,-0.450844659893835,0.506190688963611,36,42
0.746159390104027,-0.447698863633246,-0.658626913062106,-1.49789690824021,0.0677506354954249,34,46
0.205942793064732,1.57141793474403,1.71634798071573,2.33784818833926,-0.212906850960292,34,45
-0.929170935738138,-1.37095185450867,0.393480723421059,0.251419747674063,0.187832943133227,36,51
-0.945611844994803,-1.00654348714461,0.795198050402386,1.45051045004894,0.246477791049326,36,50
0.160091202589747,-0.0294397384121272,-1.05071045606177,0.182166711055494,0.187832943133227,32,51
-0.123819636806399,0.0289980583107923,-0.933407067562829,-1.72937551340212,-0.584324221095785,35,34
-0.708909054350327,1.81404905230612,0.697741360643322,1.00303342469572,0.284178050423996,36,45
0.672621290930306,-1.51940253714183,-0.170946601581547,1.83725874755585,-0.765843988455186,38,45
-0.0335375878717705,-0.285052385401929,-0.310833435462821,-0.639531034979489,0.538305724727184,38,42
1.35059851997998,1.00142180609672,-1.44803423133604,1.01886180122845,-0.157054614849689,44,52
0.517392339384923,1.77182743945572,-3.387121903985,-0.803781962238616,-0.0188203304760058,39,35
1.24110140043629,0.583491949604882,0.116008100501954,0.680068453439028,-0.214303156863094,38,50
0.965349315793556,1.16726721871065,-0.0338749642481397,-0.0133665672544417,2.13149075978197,41,32
0.453588368564852,-0.355075124282356,-1.35138410321295,0.374124772458822,0.809189069863613,35,47
-1.23532604211278,0.477277520484644,-0.26670188520013,-0.0452378336508254,-0.922230249564856,30,53
-0.155137537432661,0.0548140784944253,-0.626381953539686,-1.00103407145574,-1.30481806692244,43,53
2.80168604962371,-2.09069151668441,0.963185573174472,-1.4242037653796,-0.571757467970896,36,33
0.880875296705294,0.425368455746826,0.135504644659667,-1.91535739784478,0.772885116391691,36,38
0.967056686589834,1.5802700042635,-1.47104305362828,0.955825186166388,-0.655535822136777,32,49
0.616844881864396,-0.0680913296350082,0.797418948499515,1.21104034710747,-0.613646645053811,33,47
-0.142568490500279,-0.1659721030929,0.366925334936777,0.430445195525824,-0.413974900958478,33,51
0.212666565182711,0.0255750779786875,0.0860293492339296,0.793330428933763,-1.07023867525794,33,39
1.61715516425061,1.93264888567409,-0.809871436871104,2.20358111912375,0.253459320563172,40,51
-1.18341335598382,0.188697345220312,1.89182849504356,0.00131800283108628,0.0691469413982238,34,41
0.458528904952929,-0.707452170546221,-1.72458236064257,-0.254397546456192,-0.941778532203591,34,53
-1.49193974252965,1.05678368274435,0.234800027648114,1.56454717794049,1.09403547402762,33,39
1.33388701602208,0.551642399732581,0.323879885174551,0.838700979509131,-0.883133684287438,32,43
-0.946227511077481,0.747681404859495,-0.116854450973625,0.0561859795630864,1.38446710180274,38,41
-0.827998434990415,-0.582675939521062,-0.902701447794991,0.581951172217585,0.425204946603231,36,52
-2.27832556561032,0.521245177115627,1.2865837112348,0.604785857031056,2.44426328200131,43,23
0.0772534214611497,0.625814554585387,0.853530046846296,1.37973979040698,1.69863592992483,45,26
-0.126815383323264,0.0407209297107396,0.587069524017346,0.727749499725673,-0.224077298182433,32,48
-1.21104975019114,0.45371168164862,0.481158015432452,0.389956628485921,-0.0900319315169934,38,43
1.51926660145839,0.152191264429884,0.0211480195157232,-0.357873054740218,-1.26851411345057,44,50
-0.396020503032108,0.541972874562218,-0.376630547000231,0.477187794244269,-0.532660902693478,36,44
0.0708377761987796,-1.03204806893718,-0.127108795082201,0.0597329369394422,0.733788551114272,36,44
-1.08218689896585,-0.107098627233614,-0.827155627656796,1.12355591270818,0.148736377855809,37,41
1.6610847555198,0.940552529462853,-0.529392700019463,0.369972664881083,1.72097682436906,35,48
-0.488770178986953,-0.211780067953509,-0.140141583220143,0.532609578993791,0.0174836229959164,37,38
-0.822080821097699,0.390290858563382,-0.155690566764867,2.46121964582328,2.28927332679439,33,55
-1.46894445481655,0.534519754277321,-1.02539194599825,-0.540792413255766,0.164095742786194,38,37
1.13188159607873,-0.773619140224239,-2.11872692016585,-0.134218090458623,0.89576003583504,34,52
0.42656363649683,0.955522667820584,-0.283263496550801,0.586638748166927,1.26717740597048,40,49
0.848523604878384,1.01652647259558,-0.157239283956584,-0.0318043772870443,-0.64157276310914,36,42
-0.896127768314608,-0.260072480767256,-1.26634156683371,-0.257053634308394,-1.20847295963167,33,47
1.04198691796627,0.450892801431504,2.0944745881933,-2.71575017876387,1.11916898027741,34,41
-1.27318418145124,-0.361567883472473,-0.181015844197106,-0.672454659271192,-0.0676910370727626,41,43
-0.374843744560239,0.516484427240659,1.1507878635249,0.667493159994378,-0.955741591231228,38,54
-0.984711118243242,1.09155567139891,1.53927233052715,0.270379622069797,0.66676586778158,39,53
1.00448972275386,0.893335104498778,-0.583614938148114,1.78977760652985,0.742166386530866,40,42
1.05539222778148,0.614471222271913,0.102731845707707,0.37722102930019,-0.298081511028975,34,52
-0.473715775982186,-2.44584996473897,0.590558320544177,-1.65807413767764,-0.768636600260733,36,39
0.843156714886044,1.05798772392796,-0.0916731541030466,-0.322582762406416,1.20992886395713,37,51
-0.412142073292933,-0.444815779992891,-2.08931858767273,-1.08803826823164,-0.0258018599897971,31,45
-1.32208230919572,-0.221704254727613,-1.35035017623769,-0.687349618731014,1.34816314833087,34,56
0.434712716983218,1.90194356808012,-0.595536767792645,0.26551673142482,0.434979087922623,41,41
1.16533169048077,1.33836238018085,0.141455727732498,-0.570833673343203,-0.388841394708697,35,44
0.0579756281504218,0.195132786003313,0.928429071411725,0.665616763744079,1.67908764728614,34,51
0.0984846005890432,1.42613077223567,-0.253815525724807,0.388288208284764,0.0146910111903694,35,48
-0.161103578033064,0.412829544069777,-0.719300754340294,0.242288592810216,-1.29225131379755,33,41
1.18579546766071,1.44944724713623,-0.612484609987328,-0.872036089697335,-1.40395578601876,30,52
0.00212860228614947,0.305978759576484,-0.129970156785548,-0.0942510690377355,0.744958998336417,35,48
0.656153944577791,1.42327917566837,-0.319283601107247,0.53445529686741,-0.961326814842275,31,30
1.89886824185139,-0.207185073720145,-2.04746992100898,1.50974250161604,-0.140298944016553,34,44
-1.3819858102923,-0.231455496106769,-1.4090397047628,-0.216915741473089,-0.754673541233096,35,36
-1.06047024549223,1.31316772041581,-0.357974052989707,1.35010656571029,-0.306459346445565,33,52
-0.916791385950178,0.564746812747454,0.215266231248272,-0.0994929645201818,0.842700411529934,42,40
1.36182426415219,-1.54145942668557,0.642046164216338,-0.23834288069178,-0.941778532203591,32,42
0.323969508408983,-0.718738756313831,-0.800050382833732,1.53100330562926,0.0230688466069633,36,46
-1.18078205463668,-2.22064307465316,0.121549414376613,-0.380048277142898,-0.164036144363535,33,49
0.293010792243316,-0.140670556852665,-0.252050254440893,-0.388348995093947,2.22225064346169,36,51
-1.36405699181189,-1.1641915257062,-0.89629388459161,0.548669211698316,0.0761284709120187,35,47
-0.309468544873053,-1.3941716581176,-0.223044922615883,-0.155197774584146,-0.404200759639085,31,55
-0.0661993599577825,-0.784066823286827,-0.703435264693508,-0.086422418652596,0.436375393825371,30,55
0.193730604962807,0.141991020973705,0.489851620942061,-0.423556218377614,1.07727980319444,31,42
3.01713769589252,-1.93104583496314,-0.652522525265873,1.36968633209938,-0.501942172832653,36,48
0.181501657240995,0.25663064944271,-2.22999384047618,1.34331966987459,2.35071078651604,38,43
0.3089046487329,0.0815230914465046,-0.600067522629744,1.31680812597484,-0.588513138804084,35,42
-2.09378385940101,0.52118116412714,0.638291452333059,-1.08290946901229,-0.666706269358917,36,44
0.852276052090977,0.268574908066841,-0.693166987843893,-0.0195837602700534,-0.207321627349249,40,49
2.19600972775572,-0.470393039130213,-1.31594930911702,-0.111739934215036,-1.35787769122755,42,46
1.28649325198505,-0.909748737643141,0.467866704977282,1.45473967447547,-0.761655070746891,36,44
0.636324989690799,0.911206759443669,-0.492208480166148,0.433036994443463,-0.338574382209141,43,44
1.49803006304115,0.989244383719445,-0.194049078638744,-0.0397584017883687,-0.890115213801284,40,33
1.54326267272902,0.828736283510835,0.915620382617048,2.29270596693821,-0.258984945751556,32,45
1.57973669030873,-0.901452797432275,-0.21344327579525,0.0874591071583532,-0.426541654083316,27,48
1.64964125925291,-1.49627239957839,1.66383152200093,-0.798979904416246,-0.971100956161667,30,42
1.31366276735974,0.203914233331083,-2.43495765847785,-0.119477521658257,-1.00600860373079,37,48
0.732614643664339,1.32604315342659,0.543583841027075,0.92034638610377,2.12311292436538,34,50
0.26615694316973,1.12214275832396,-0.275932503050187,1.09619949339905,-1.01438643914738,34,45
-0.656071724690642,0.940035660385535,2.14356729896211,-0.271647625585544,-1.20986926553442,33,48
-0.833054181662914,0.497999691551506,0.954319382452896,-0.344339797102425,-0.707199140539084,29,49
1.19330697337318,0.533668575278928,0.530073722774819,-0.488462945825041,-0.451675160333098,34,41
-0.433146226304165,-0.055297987128446,-0.370619319140527,1.02329899183595,-0.844037119010023,29,31
-0.853697376143042,0.308918547356951,-0.383848368240487,0.775256771013782,-0.927815473175954,35,48
1.25390219982891,-0.783355081705638,-1.20985045024331,0.836392117549446,1.26578110006773,34,41
0.151780001595626,0.526347462771833,-0.585815546115127,0.529731631125994,-0.22966252179348,37,38
-0.131954499455124,0.128569394591242,2.59900235282381,0.959926032193389,-1.15122441761832,34,44
-0.293336824770794,0.93379810280445,0.430393123212996,-0.977611637006048,-0.212906850960292,38,36
1.30078063856166,1.63874834658514,-0.70347071484435,-1.5014123073595,-0.890115213801284,34,47
0.628671787753512,0.101582252777476,-0.391327332212989,-1.09154894303261,0.0789210827175657,36,47
-0.888108400830686,-0.186662064710151,-0.344811674605962,-0.224093675874272,-1.20428404192338,43,39
0.431093291469065,-1.175228302514,0.705449642912779,0.242081604677454,-1.19171728879848,36,42
-1.52977965066935,-1.86059302108975,0.048746056995252,-0.296154000569416,-0.807733165538152,32,37
0.204284764554692,0.655117528292499,1.3206926485885,0.31423336607474,-0.173810285682877,37,43
-0.395555982730413,1.03506316586624,-1.43611250415641,-0.69479645939433,0.493623935838722,38,47
1.05687137612807,-0.474152336187469,0.495218030903668,0.581603092030217,2.59925323720818,29,61
1.80589454475263,-0.88605897770351,-1.19129457310863,-0.648531561875732,0.348408121951193,43,35
0.0955188222152611,-0.918193016014948,-2.02444684290254,-0.842031014920358,1.19317319312394,32,55
-0.516313909192487,0.770342673611465,-0.836199448367224,-0.384598962169503,0.758922057364054,38,45
2.92766320746468,-0.336006698701058,0.498990889167734,0.810214876243948,0.729599633405977,33,63
0.684315862186461,-0.671551061975969,0.306178298661027,0.433643887670214,-0.224077298182433,37,46
2.04318291277536,1.21847272114548,-0.00213713532714058,0.608844631457367,0.936252907015206,42,34
1.68089714174323,-0.375129142768686,-1.63932380382563,3.11805725317587,0.48384979451938,37,41
-0.613608039041687,-1.23300533145325,1.09760431663313,-0.80706603576603,1.83128499068752,40,42
-0.280974457223824,-0.132777753202627,-0.607285027515138,-1.66594104532851,-0.260381251654304,35,42
1.66146058276983,0.222429765675744,0.704740883796103,1.46665566178786,1.05773152055576,31,57
-0.183350590723075,-0.45290858882774,0.516278573874944,-0.228630751728219,-0.482393890193922,33,54
1.633202076514,0.946503700568661,-0.327474555903613,-0.759610942904588,0.838511493821639,36,45
0.65039896994485,0.20516089680455,1.27130653693879,0.888777374578158,0.307915250770975,40,27
-0.0901637606373835,-0.616196549695441,1.07192480527217,-1.45717651415311,-0.877548460676395,42,42
0.805680429281452,0.525109615714225,-1.17714698616727,0.294073900410488,-0.0299907776980958,30,42
-1.75108506333322,-0.232637900003775,0.0996946855973091,1.23133102780476,-1.05906822803585,34,43
-0.406683159916826,-0.802581562224736,0.605190598426411,1.03316901796397,0.124999177508775,40,41
1.23802204469691,-0.257993769793798,-1.21191772176218,-0.248490130581161,0.131980707022621,37,42
-0.557014724409501,0.488642290295526,-0.750126945577006,1.20648401442563,1.41239321985801,36,53
0.980467763284591,0.127906218380749,0.090455904853619,0.131893080596387,2.35210709241879,34,39
-0.42622545251205,-0.0801096926985551,-0.233054710452822,-0.10774997543198,-1.18054684157639,39,42
-1.61561489099414,-2.06428919685208,-0.439730309798782,0.142993388398636,1.07169457958339,34,58
-0.318049237678103,-1.07515282677657,-2.29376561637753,-0.464966319684514,-0.613646645053811,39,50
-0.564152458317927,0.510926948292275,0.674318778576443,0.377383894653186,-1.32157373775563,33,44
-1.1614858643467,-1.75855237118712,1.29962341976018,0.150911682832696,-1.20149143011788,29,44
-0.84685964278406,-0.215506851973328,0.746437777551623,0.914656252848732,-0.136110026308258,39,42
-0.980069653629458,0.498875829134011,0.285169466360768,-1.95422135755485,2.24459153790593,37,56
0.428791177269416,2.13167826959777,-0.447780421190875,-0.221407296692018,-0.383256171097603,36,44
-1.24536456350179,-2.97028854819176,0.761777348744547,0.842155877144428,-0.948760061717386,33,27
0.259239273378415,1.53503845859258,-1.23768889581953,0.0922661452632377,0.978142084098172,34,54
-0.989389746333753,-0.813541198870241,1.12935214334836,0.468825942477622,2.16081318373999,35,41
-1.59591337290334,0.999602432615176,-0.552437438284805,1.10742965141808,1.83128499068752,36,45
-1.54732459685327,0.422380928253462,-0.0323301005424977,-0.309491144665854,-0.379067253389304,40,54
-0.405901859020104,1.70678184752183,-1.22269621918461,0.25490806653371,0.496416547644269,39,39
-0.917164704777374,-1.50759787204837,-0.344606073282947,0.490762222808381,-0.666706269358917,34,57
0.992741547469529,0.975766948714832,-0.897944832784151,1.12898238673709,0.246477791049326,30,57
0.177484399929531,0.807660338654633,-0.233237654285578,-1.05050265288943,1.09543177993038,35,40
0.230471669872108,-0.884528981836802,1.5161612918322,-2.88614402671588,-0.0202166363787539,31,60
-0.776770823469058,0.617232936762093,-1.22832260037791,-0.723343225994491,3.1829091045639,37,51
0.650119532595586,0.166929973782648,0.851093203665253,1.09686329774842,0.00352056396822866,32,49
-1.51370616473584,-1.75448444497191,0.837259318549577,0.0576034820845497,-1.30761067872799,35,41
1.42082163505938,0.613067972753745,0.544170892876623,-1.7566114402894,0.856663470557621,31,62
1.06966666312337,2.3996854240288,-0.943996548896603,-0.422525729050776,-0.883133684287438,40,37
-0.390084211557133,-0.840708896023967,0.427898108640409,0.240970442948435,-0.420956430472273,41,49
0.205248186475525,1.04087453752378,-1.53837453705973,-0.678461648977246,-0.746295705816502,33,40
0.149525913374104,0.143667278121278,0.312764191009129,-0.824210883920643,-0.915248720051065,41,46
-0.75731917294231,1.83446208565605,-0.14057339760587,-2.89638679284811,-0.658328433942327,35,43
1.26133958746602,-1.09928833018071,-1.63501077360873,-0.127455223386869,0.0216725407042115,30,49
-0.686242824114428,0.133848226898917,0.721377894684804,-0.578681901841596,-0.38604878290315,32,47
1.55590434556386,0.0214388964238367,0.4585365013984,0.0530927138840472,0.175266190008335,44,30
0.131104712125594,0.944946020793648,0.848547855172897,0.382750344139079,-0.0984097669335872,34,41
0.646533532879443,-0.923186738384935,-0.423379183832105,-0.640870344187454,-0.693236081511447,41,44
-0.0365875603467416,0.838322158747725,-1.21444348043466,0.184893608900541,-0.45865668984694,37,54
-0.397974205447273,0.958196645445386,-1.27755225674455,-0.762786908562497,-1.38720011518557,35,41
0.148422779788662,-0.70784143240542,-0.224510014232833,0.496035651662694,1.78520689589626,35,50
-0.764850192978032,1.64261349868224,-0.0662907994145113,0.578208246068021,-0.0146314127677071,36,48
1.01268690672757,-0.337879235760498,-0.290174678568656,0.0490554979145285,-0.947363755814638,32,51
-1.51120884864101,-0.890847105557201,-0.492151181553505,-0.682278258170602,0.380523157714765,32,48
0.0569945296233625,0.478709817149448,1.1893656795683,-0.276108041066764,0.232514732021689,37,32
1.04301883033865,-1.16151137773672,-0.829093655491199,-0.540820443366364,-0.813318389149199,44,48
0.233068357090198,-0.233352136783564,-0.116593786569592,0.841780266105834,0.101261977161797,37,38
1.688930047404,0.888987113663593,-0.731745541674849,0.422106267005237,1.46405653826032,36,38
0.329129397223555,1.46223576074442,0.718005581394015,-0.822212005841009,-0.585720526998537,30,37
-1.69612604069004,-0.650371739478434,-0.396315206628958,-0.615915376998959,-0.504734784638153,35,42
1.05224241570809,-0.316209743874,-0.56632280341959,0.747219515835711,0.546683560143777,37,29
-0.528406957822894,-0.550060267137615,-0.0241456965482809,1.65862800234281,-0.197547486029907,38,43
-0.311453896827313,1.16140483854761,0.0893865439062585,1.36301522597057,-0.859396483940459,35,39
1.95673362852014,-0.239293911259978,0.475613351272946,-0.610133905522989,-1.25315474852013,31,42
0.963288925488011,0.28189752359499,2.10419152347287,0.220067111981834,-0.940382226300843,36,48
0.197562001865021,-1.84013024477441,-0.377126115983139,0.443584462266711,-0.226869909987983,35,47
-1.54667847923118,0.19626773408115,0.792505271230445,1.97915479963243,-0.609457727345516,31,41
0.379182479416062,1.56855210268055,0.619701950422031,-0.567330366000737,0.0356355997318522,44,52
0.761608390250543,-1.903023844559,0.0434855118280437,-0.252828464918826,0.775677728197241,37,43
0.620635692271404,-0.164782042573839,-1.2398129474538,2.82974698372674,0.636047137920755,41,35
0.841084581619817,1.26493125984649,-1.97587371142736,-1.47102252508894,-1.1763579238681,32,39
0.18955989401817,-0.198844067382551,-1.83155569325179,-0.994395394932068,-1.00321599192524,34,43
-0.229518592841242,-1.39805396472685,-0.504415365084893,-0.0737109449233702,-0.263173863459851,32,46
-0.172415014911105,-0.0582398923883403,0.892233176518206,1.24110246755117,1.26857371187323,40,46
0.80427596213921,2.06999618580598,1.71997823116996,-0.274647885152529,-0.670895187067216,33,47
2.65296640878588,-0.53711799436475,-1.55628141767467,-0.0630482789224508,-0.0425575308229847,32,49
-0.932818540446603,-0.662772793347111,-0.211267138758312,2.10697698225354,0.601139490351635,39,54
-0.934364348559036,-1.50295753163171,-1.08620242740477,-1.06144178303719,-0.567568550262601,39,42
-0.299384102158491,0.958000211461548,1.58900258637203,0.620076601383093,-1.19590620650678,36,36
1.43012878685477,0.930664881474388,0.449512037722779,-0.225966387232689,-0.996234462411395,38,48
-0.485109518508621,-0.145082556562307,-0.652735267569237,1.64201353566016,-1.14284658220173,30,37
-2.10005106162182,-0.207968153880105,0.635922104307897,1.77510472430733,0.986519919514715,37,40
2.78515321393689,0.025409446252301,-0.318140221939192,-1.35142689383967,0.204588613966411,33,51
2.32897166476305,1.33938892491186,1.68905265880175,-0.219549789009696,-0.21849207457139,31,53
2.07653721890018,-0.0959269452366807,1.29283135349053,1.81910505299363,-1.17775422977085,36,45
-0.692704641117565,-0.0741808271865911,-0.143101266802908,0.636383208001927,1.84524804971515,42,38
-0.643640227797631,0.729447230317569,-2.10971012641534,-0.189889080013741,-1.4179188450464,36,46
0.456845016820865,1.82856910752255,-0.121695287740673,-0.889561772032423,-0.35114113533403,38,48
-1.0062792970799,-0.710485560536072,1.19234856054945,-0.282843964083091,-1.00740490963354,34,39
-1.61574458219313,0.914774259737174,0.939417534312946,0.0474066871270926,-1.10375001692431,32,49
0.560537250283481,0.809677979359369,0.493869596799836,-0.245683391302287,-0.827281448176886,42,44
-1.09796351949044,-0.0013497352418569,0.799014195636506,0.314128163147059,-0.912456108245514,33,39
-0.247509455069636,0.864479358060836,-0.166138864892218,0.100346079318064,0.446149535144713,37,40
0.517942289132537,0.672759775349986,0.512748268178254,-0.180033727679853,2.43867805839022,35,48
1.03014134263026,1.03088619573505,0.460439221159111,-1.62009257547918,-1.39418164469942,37,50
0.957360058091787,-0.479967215007274,1.75224839244225,0.879665225624579,-0.559190714846008,38,46
1.21290591915219,0.345825507499761,0.975032067595973,0.0889890575816032,-1.35229246761645,34,43
0.450415143818994,-0.281393591550831,0.932756463185121,1.95401805784785,0.32746353340971,30,49
0.126317605559658,-0.0566060200685987,0.867780719784683,1.49706338791734,-0.0718799547810613,31,43
0.0649073516737436,-0.313717138219503,0.860941605265544,1.83461584217153,1.65395414103636,33,58
-1.54841513024514,-0.0854343500386763,1.43098363346711,0.587541751434017,1.32302964208109,37,54
1.84075844932253,-0.338581840218423,0.691710097875328,0.188078320099687,0.936252907015206,40,40
2.10693448050103,-0.148015082368813,-0.0159030599840135,-0.376794452489158,-1.25734366622843,31,40
-0.452746706469508,0.482440671995208,-1.6380210212801,-2.45667890115212,0.939045518820753,37,46
-0.308689570973724,-0.910640894322691,-0.72784384922883,-0.798900949886632,-0.592702056512379,33,38
-1.03682368860841,0.173490983298817,0.577754458662544,1.16272810364826,-1.4137299273381,37,43
0.917270708671573,-0.758707694886527,0.406983246075102,-0.123473431577753,0.19341816674427,37,43
-1.00495028971708,-0.0217535438005425,-1.56279004073562,-0.714433959100045,-1.01717905095288,34,44
-0.201303499613902,-0.979416798787936,0.832262272820078,-0.938493830639775,-0.568964856165349,38,42
0.823947271374864,-0.724334350395039,-0.152166807180338,0.192991627997121,-1.29364761970035,33,42
-0.987674449874357,1.84139675306234,0.437878901053977,0.00126026896964992,-0.645761680817435,38,55
-0.230495454373573,0.0809308358058475,0.267877231587925,0.922463874101013,-0.380463559292107,34,43
-0.279927238330496,0.348459238483544,-1.7654640658377,1.35668942834217,-0.0844467079059502,34,39
1.2954156338398,-0.819063945048196,-0.440293765879585,0.911279662219206,0.555061395560371,37,48
0.947820930825363,-0.657255145066072,-1.04409325177396,0.00151717616001154,-0.828677754079634,38,45
-0.293023732637193,0.166625565722814,-1.00663523263773,0.15153334023324,0.232514732021689,35,41
-0.500540310643332,0.222971211845704,0.947311261842197,-0.910207408878148,0.781262951808284,38,47
1.18569559104215,1.80051970213577,0.200290438858832,1.48141560004382,-0.360915276653372,34,46
-0.0846496371428606,0.798340353182617,1.54370716179674,1.63512907059701,-1.26153258393673,32,39
1.41740042858922,-0.860824335215876,-1.71176507794178,0.307586965447805,-1.28387347838101,29,37
2.11018395705967,1.4993193100299,0.922263239849285,-0.079847112101796,0.0635617177871262,34,42
0.083801540565702,0.0133265522797837,0.310767951020513,0.0889138642090632,-0.786788576996669,36,35
0.236493832130186,0.935815169976474,0.738544918660091,-0.947124955729,-0.775618129774579,39,55
1.10892628874408,0.518998385839754,-0.648338937820048,0.4042629121027,0.2199479788968,38,39
-0.756078013072111,0.93352786809885,0.65173704486481,1.02554168495287,1.60229082263406,34,49
0.00590135291735478,2.15493579925435,-0.891829694314885,-0.0389352237292627,-0.349744829431282,44,33
-0.16224573177881,0.793153276414152,-0.366980605237,-0.980635922267014,-1.08140912248008,32,51
0.30172654604847,1.39728660305581,-0.542263663939172,0.168820861752232,3.34906950699296,36,49
1.83533778801594,-0.0435787519423119,-0.0864804872431464,-0.752504104904278,1.68467287089719,37,56
0.425315454390218,0.25837205592981,-0.278425993744859,1.37454271640588,0.679332620906469,34,55
2.09816760133665,0.422948958810305,-0.0811439288507482,0.666096526678324,-0.54243504401282,32,51
1.10134701255589,-0.348355162010154,0.75612004629249,-0.224770285916323,0.580194901810153,38,49
0.944212461069842,0.441365450341973,-1.16020618594571,-0.198081604038287,-0.460052995749688,33,44
0.0744887283994016,-0.946829975417046,-0.290168330753834,1.18240716691478,1.81871823756263,33,52
-0.241491309615155,0.505659508918102,-1.39373898060296,0.790643198173882,1.18060643999906,37,47
-0.839566470337417,-0.45264697506807,0.973415123490588,-0.922957902584644,-0.482393890193922,35,51
-1.08920856879864,-0.497119618637491,-1.41835504298143,-2.2334276677315,0.242288873341031,40,43
0.23463234432996,0.449464706976673,-0.0382798301903271,0.904082156113724,-0.59130575060958,34,34
2.2395442802178,-0.57039726886303,-1.3773065875103,-2.08176136683695,-0.134713720405459,35,39
0.320625651536199,0.356099021571232,1.34547191894391,0.523185388350318,2.14405751290686,34,54
0.640469018781226,-1.74227447770402,-2.0188669009569,0.52691837740998,0.0118983993848188,36,40
-0.231240586920818,0.623215000489067,0.0141818403406254,0.815616698009858,-0.138902638113754,40,49
-0.596753012155592,1.43242140457446,0.542589762573366,-0.672678250822214,-0.261777557557103,39,42
0.396624709821856,-0.422520532273182,1.62254418322169,1.69800969867066,-1.10933524053535,35,38
1.24585249835135,-0.560960835446289,0.568988466083348,1.46526691789623,0.0900915299396557,36,48
-0.39137510018038,0.641485455150128,-0.964104500686106,0.958400870224313,2.38841104589071,36,42
1.08459837655382,1.1649536043803,-1.44193182688041,-1.2562412626692,-0.934797002689745,36,50
-0.398842303759445,-0.246031707629522,1.51941443513944,-0.502732126628079,-1.02974580407777,34,42
0.751506823823902,-1.30263822071052,0.839619514376346,-0.313320952256033,2.19572083130911,35,49
-0.989490026452666,0.459627401422836,-0.745732740029012,0.90046312572888,0.0118983993848188,39,41
0.0928336432226687,0.176383017076514,0.718898524922379,0.999526729096833,-1.20009512421508,30,48
0.111338275858085,-1.12959350989635,0.325078575580381,0.195201273424157,-0.642969069011888,38,44
1.35465469699571,-0.066137487428973,-0.693761739301243,0.787775402545896,1.38725971360828,42,51
0.426455859403514,-0.0250727855989019,0.285033649375255,0.940681781238886,-0.550812879429414,36,39
-1.81751714924834,0.892625430368477,-1.97206715948739,1.40777262162109,-0.592702056512379,36,48
1.15645813485055,-0.335568262540351,1.35104935012505,0.627465313809185,-1.14424288810447,44,60
-0.374413108267019,-1.75745427351165,0.123877349687967,1.9727011940749,-0.296685205126226,37,55
-0.639034876394066,-0.485261930178817,0.073241528124067,0.389976387660216,-0.870566931162549,41,48
-1.25608726534756,1.31112170556238,-0.426458515173835,-0.197363359893087,0.885985894515647,42,37
1.47870472035191,-0.372607793941435,0.296001780262161,-0.691845959977011,0.0272577643152583,29,50
-0.682224505063267,0.715070416335867,-0.0937602637043498,0.0887005603955825,0.398675134450701,36,46
-0.998228559457175,0.486202255291943,-0.692603734106284,0.322069285966004,-1.39418164469942,32,35
0.417853356516262,-0.0268474878794447,-1.17550657192901,1.40508198230387,0.150132683758557,34,43
0.479735323466684,-0.543004069334961,-1.28134979415579,0.0385004956778056,1.47383067957966,37,44
-0.116218234697734,0.77993034374613,-1.81729434773865,-0.479701282822601,-0.116561743669523,34,47
0.673473093682594,0.00649067411812719,-0.75693489518841,-1.75203492421037,-0.795166412413263,35,46
-0.00791509365792995,-0.776728849579886,0.367209525004617,-0.0166498796419536,1.15407662784653,41,32
-0.316668740791792,0.945544929379731,0.770880762857664,-0.24009745956051,2.29206593859994,32,51
-0.210578861362846,-1.67412108083788,-1.03493928969068,0.488720858998659,-0.323215017278752,32,47
0.601260811329959,-1.5004575310048,1.22028118060623,-0.785914114105491,0.274403909104654,36,47
-0.705293895694747,-0.990161878181509,0.803883859807376,2.86547007674174,0.360974875076081,38,47
0.236596545730694,0.29632058196757,0.299320172203136,0.734917256125568,-1.4221077627547,40,47
0.466048929894136,1.4033820754034,-0.295184587697511,1.77930108177237e-05,-0.89570043741233,35,41
0.310230075428916,0.711170263082554,-0.769071491792486,-0.137247733674733,-1.21964340685381,34,40
-1.04027716454023,-0.461723901250796,-0.500885800252254,-0.241744813842603,-0.764447682552438,32,46
0.087378264339937,-3.21818908894479,-1.42347346467019,-1.83057127916534,-0.482393890193922,34,39
0.453040579331431,-0.122791389206964,1.63513647755725,0.68891359239142,-0.742106788108207,31,51
0.308501359825496,1.25049101203288,0.576501698916681,-0.632460400534084,-0.696028693316943,32,38
0.816406146013693,-0.498628948937998,-0.885797636343771,-0.728462380782994,0.161303130980698,33,32
0.262241963124317,0.0722804722588805,1.13104572016443,-1.16978786188313,0.221344284799599,40,45
0.116353697083917,-0.757636988257022,-0.055430302088402,-0.574406286491349,0.682125232711965,38,44
-0.918489721289547,-1.13524089769877,-1.19096018657272,0.0099298075595616,0.00770948167652375,35,43
0.0305976982881688,0.218456602265755,-1.30280826684343,0.828105626724954,-1.25873997213123,36,40
0.509586434209268,-0.0517475146482519,-0.319525149190361,0.475471310356395,0.650010196948392,32,45
0.547370206861576,1.14207445700361,-0.142564016188043,0.561365871714398,1.70841007124417,40,43
0.840226412228921,-0.516606280431608,-1.50726344040459,-0.925522853747002,-0.395822924222492,33,39
1.05370517028488,-0.895998538809895,0.386920939956537,0.847933847351003,1.71958051846631,29,64
0.95486848159942,1.26246133495846,-0.767031207177928,-0.386879202468775,0.796622316738724,36,42
-0.556745938762491,-0.386442198578205,-0.878852713970305,-0.0156886683592986,-1.26432519574227,34,38
2.0938474769925,-1.49263438281066,1.54034470439867,1.20442180532298,-0.529868290887931,33,48
-1.31902580714376,-0.418860722661435,0.545903514277276,-0.397103859902927,-1.20428404192338,32,37
1.50079007655479,-1.37429211895551,-0.457847088218141,-0.412336147676096,-0.831470365885181,35,50
-0.0529337001504523,0.294218969673135,-1.80945269044092,1.3351666394517,-0.781203353385626,34,38
0.489329812351367,0.583258991067542,1.65604800931981,0.81476339983709,-0.883133684287438,32,38
-1.25535976612942,-1.44804511393539,1.08594203441865,-0.995798730529183,0.289763274035039,35,42
0.586875322670519,-0.667690406478434,1.21611849515701,0.033759326600689,-0.966912038453372,37,43
-0.188071270433508,0.228454828431825,-0.663593308306159,1.13220019234264,-1.37044444435239,34,38
0.89855261676697,0.237438219763507,-2.59131011265204,0.145944419792845,-1.31319590233903,32,47
0.549717807872804,-0.847757116773428,-1.22695461425941,0.352342704157657,-0.777014435677327,36,44
1.71568967277448,0.763777710101606,0.295393353648466,-1.23948451808117,2.50290812991741,33,68
1.49456922655231,-0.401354825535936,-0.274595492835138,-0.692201521605239,-0.517301537763042,33,34
0.0549164164441489,-0.285241059001082,-1.00589684239098,-0.0913517623611227,1.72237313027186,32,50
0.165834970593805,-0.418539704500402,-0.279909315009095,1.70964314104009,-1.06744606345244,31,35
-1.55561318825031,1.10091130434077,-0.191704558265543,0.546163522067853,0.48384979451938,35,47
0.687512420892445,0.0728210834437667,-1.08618167341554,0.545990354598571,0.468490429588944,29,48
0.700790170371848,1.48731737521594,0.767604150086018,-0.799448227364247,-0.402804453736337,38,49
2.16925817074811,-1.29246478089629,1.35330449109683,1.79238487302989,0.0188799288986645,38,45
0.790888110778366,-0.2144701257729,0.195661060120517,-1.22531531962526,-0.950156367620185,36,48
-0.0142213330297034,-0.132870233678845,0.908466539775057,1.36403302434363,-0.827281448176886,42,53
-1.22877488716862,0.0405163420598046,0.0502714325359169,0.468038287757207,0.542494642435482,36,55
0.328347082358252,0.564582101844072,0.836710127032681,-0.642608911473402,1.13313203930504,45,31
-0.310213463718211,-1.40211943568324,0.193130664855058,0.725148643187377,-0.911059802342766,41,47
-1.17415384405566,0.484735650327366,1.14944150458515,2.54420872520241,-0.962723120745074,32,59
0.186333932426284,-0.142398509462658,-0.1231206828573,-0.919928105396729,-0.0760688724893564,37,43
0.100750525574817,2.39833727778193,-1.28427829434415,0.641926267727676,-0.638780151303593,37,47
0.406860524865092,-1.27362590960813,-1.68042519236449,0.0937250059019247,0.542494642435482,36,39
-0.238938684021412,0.368146185497708,-0.0799418755820939,1.2433429296921,-0.574550079776393,33,43
0.895375773393058,0.275552096698061,0.574936724706997,0.282639274942047,2.06027915874093,31,61
-0.2547465554692,0.148983572898775,1.06741908960964,-0.460049780465059,-0.420956430472273,29,45
-0.795836011239268,-0.696724966356841,0.400783457877024,-0.613236631877279,0.467094123686196,31,60
0.546038079901352,0.321254631581949,0.436605811439339,0.259691385182659,-0.214303156863094,32,50
-1.59807964601459,0.585849127621389,0.739516842295175,-1.54413267712096,-0.58013530338749,37,48
0.113381166724952,-0.103905085979362,0.618895453928431,0.0749323933581958,-0.198943791932655,34,36
-1.38024375946652,-0.255436702243611,-0.0150199630047787,0.301993138165912,-0.260381251654304,34,47
-0.109402305390802,-0.814543606797202,0.528613976508357,1.75730048711288,-0.148676779433146,38,33
0.976981683190535,0.0658173614845093,1.15175228135677,1.50513728624654,0.869230223682463,42,45
-0.818750351802737,2.21433293205819,0.861732719672252,-0.606917625161716,-0.299477816931723,40,43
-0.406786493525256,-1.83291122153948,-0.31938945861334,-0.245245430383896,0.104054588967344,31,44
0.753416073362066,0.40560881428215,-0.581009589752068,-0.227898121377542,-0.820299918663041,31,43
0.998836497795912,-0.190553565460481,0.846099298729811,-0.464484810264474,-0.938985920398044,34,41
0.115304602738239,1.02142529530146,2.0682777351371,-0.239400979853396,-0.754673541233096,38,37
1.43388209438073,-0.984237819940893,1.09751171344517,0.413531360516587,-1.2308138540759,36,36
0.497895993671995,-0.12547143921951,-0.772850223362659,-0.738777639105651,0.90693048305713,41,38
0.061686344677585,0.284504267853385,0.217968516126729,-1.17687292395763,-0.677876716581007,39,36
2.06317069472382,0.960959402323235,-0.0935160529364672,1.76818997087994,-0.711388058247383,37,34
2.07553057884272,1.37652853448683,0.725811421372395,2.03743995928753,0.145943766050258,31,43
0.540067160825684,-0.0747366490683753,-0.642746928645075,0.466611810367861,-0.915248720051065,32,37
-0.914542789036274,-0.689519697562566,-0.465280140778622,0.196347281742985,-0.179395509293971,32,48
-0.243878511347232,-0.0875895917713331,0.00746363807294111,-0.938953127007031,2.44705589380681,38,43
-0.0416218191393784,-0.278661863631017,1.06810483842586,1.22272073147817,-0.31344087595936,35,42
-0.234944388982958,-0.22469643111138,-1.24493383965995,1.06805853378601,-0.864981707551506,33,43
-0.173474594291334,-1.74488809073219,-1.02334410100644,0.262471071644156,-0.726747423177768,29,44
-0.946726609703729,0.919997458503124,-1.40482669899104,0.238795020193422,-0.698821305122494,36,40
-0.938543543914932,-1.12086375094276,0.886452911732378,0.197209270012739,0.918100930279271,39,44
-0.746785321334671,-1.73609774844201,-1.28747449899094,-0.270462653127925,0.655595420559439,34,49
-2.32193257963493,0.832468170687295,-1.28861102459627,0.84633348553123,-0.33997068811194,38,49
-1.42189327592815,0.655292175280908,-0.379782668369138,0.678486316245289,1.5478348924262,35,40
-1.09246921038527,-0.0922922080418883,-0.697711761061266,0.445269560597107,1.0130497316673,32,56
-0.7966985095374,0.973392793477436,1.04989445634353,1.10194562067039,-0.467034525263534,36,40
-0.121003008621258,-0.00337327233677389,-0.617797349980586,-0.670269621136823,-0.897096743315129,29,46
2.24285263138364,-1.709369661017,0.925732853697834,0.851774297394548,-0.531264596790679,41,42
-0.153811350531777,0.969092965208026,1.5842114124554,-1.19515292229746,2.11473508894879,40,42
-0.578504648633546,0.651645252986093,0.418649993860202,-0.643173275955984,-1.3508961617137,34,47
0.102900372161183,0.572109488526142,1.20840968893772,-2.47702952471379,-1.37742597386623,36,39
-1.13806058431487,-1.51174020383101,-0.214115786497822,1.58001836204901,-1.21545448914552,32,43
0.946011112879172,-1.761606202763,-0.795117963516274,-1.41253844820498,3.01954131394043,35,43
0.574900416473872,1.11660606436717,-1.7451673854683,-0.243734968013316,-0.525679373179636,34,50
-1.15408415480323,-0.396725873368209,0.430630670675901,0.777024367130094,-0.0704836488783131,35,45
1.33416903197552,-1.40620335343664,1.21266328980811,0.00209504991862274,2.17617254867043,35,57
-0.360461467898568,-0.601003639308582,0.963233256912161,0.831110438356704,-0.72535111727502,36,50
-1.0888569335195,-0.141413234270732,-0.653803437485098,-0.340885807997641,-1.20986926553442,39,40
-1.2811407072043,-0.374348743342884,-1.0722736059768,-0.538300863604746,-0.996234462411395,34,32
0.878692629897649,0.72021447927312,0.419738762917309,-0.478504997580282,-0.504734784638153,37,41
1.19967607583593,0.370129227809651,0.0549814478598842,-1.7859577060448,0.588572737226743,30,39
-2.01813626154651,1.1696759662304,-0.0712040317763163,-1.54262123609444,0.425204946603231,36,41
-1.32597756091445,-0.293107438473145,-0.316416853004715,-0.687463235165349,-1.28945870199205,32,38
0.21476131032207,0.510597579856139,0.434738818123947,0.882964433517611,0.46011259417235,41,36
